Workbook

Sheet the_data
A1: instant | B1: dteday | C1: season | D1: yr | E1: mnth | F1: holiday | G1: weekday | H1: workingday | I1: weathersit | J1: temp | K1: atemp | L1: hum | M1: windspeed | N1: casual | O1: registered | P1: cnt | Q1: bins
A2: 1 | B2: 40544 | C2: 1 | D2: 0 | E2: 1 | F2: 0 | G2: 6 | H2: 0 | I2: 2 | J2: 0.344167 | K2: 0.363625 | L2: 0.805833 | M2: 0.160446 | N2: 331 | O2: 654 | P2: 985 | Q2: 501-1000
A3: 2 | B3: 40545 | C3: 1 | D3: 0 | E3: 1 | F3: 0 | G3: 0 | H3: 0 | I3: 2 | J3: 0.363478 | K3: 0.353739 | L3: 0.696087 | M3: 0.248539 | N3: 131 | O3: 670 | P3: 801 | Q3: =IF(P3<=500,"0-500", IF(P3<=1000,"501-1000", IF(P3<=1500,"1001-1500", IF(P3<=2000,"1501-2000", IF(P3<=2500,"2001-2500", IF(P3<=3000,"2501-3000", IF(P3<=3500,"3001-3500", IF(P3<=4000,"3501-4000", IF(P3<=4500,"4001-4500", IF(P3<=5000,"4501-5000", IF(P3<=5500,"5001-5500", IF(P3<=6000,"5501-6000", IF(P3<=6500,"6001-6500", IF(P3<=7000,"6501-7000", IF(P3<=7500,"7001-7500", IF(P3<=8000,"7501-8000", IF(P3<=8500,"8001-8500","8501+"))))))))))))))))) -> 501-1000
A4: 3 | B4: 40546 | C4: 1 | D4: 0 | E4: 1 | F4: 0 | G4: 1 | H4: 1 | I4: 1 | J4: 0.196364 | K4: 0.189405 | L4: 0.437273 | M4: 0.248309 | N4: 120 | O4: 1229 | P4: 1349 | Q4: =IF(P4<=500,"0-500", IF(P4<=1000,"501-1000", IF(P4<=1500,"1001-1500", IF(P4<=2000,"1501-2000", IF(P4<=2500,"2001-2500", IF(P4<=3000,"2501-3000", IF(P4<=3500,"3001-3500", IF(P4<=4000,"3501-4000", IF(P4<=4500,"4001-4500", IF(P4<=5000,"4501-5000", IF(P4<=5500,"5001-5500", IF(P4<=6000,"5501-6000", IF(P4<=6500,"6001-6500", IF(P4<=7000,"6501-7000", IF(P4<=7500,"7001-7500", IF(P4<=8000,"7501-8000", IF(P4<=8500,"8001-8500","8501+"))))))))))))))))) -> 1001-1500
A5: 4 | B5: 40547 | C5: 1 | D5: 0 | E5: 1 | F5: 0 | G5: 2 | H5: 1 | I5: 1 | J5: 0.2 | K5: 0.212122 | L5: 0.590435 | M5: 0.160296 | N5: 108 | O5: 1454 | P5: 1562 | Q5: =IF(P5<=500,"0-500", IF(P5<=1000,"501-1000", IF(P5<=1500,"1001-1500", IF(P5<=2000,"1501-2000", IF(P5<=2500,"2001-2500", IF(P5<=3000,"2501-3000", IF(P5<=3500,"3001-3500", IF(P5<=4000,"3501-4000", IF(P5<=4500,"4001-4500", IF(P5<=5000,"4501-5000", IF(P5<=5500,"5001-5500", IF(P5<=6000,"5501-6000", IF(P5<=6500,"6001-6500", IF(P5<=7000,"6501-7000", IF(P5<=7500,"7001-7500", IF(P5<=8000,"7501-8000", IF(P5<=8500,"8001-8500","8501+"))))))))))))))))) -> 1501-2000
A6: 5 | B6: 40548 | C6: 1 | D6: 0 | E6: 1 | F6: 0 | G6: 3 | H6: 1 | I6: 1 | J6: 0.226957 | K6: 0.22927 | L6: 0.436957 | M6: 0.1869 | N6: 82 | O6: 1518 | P6: 1600 | Q6: =IF(P6<=500,"0-500", IF(P6<=1000,"501-1000", IF(P6<=1500,"1001-1500", IF(P6<=2000,"1501-2000", IF(P6<=2500,"2001-2500", IF(P6<=3000,"2501-3000", IF(P6<=3500,"3001-3500", IF(P6<=4000,"3501-4000", IF(P6<=4500,"4001-4500", IF(P6<=5000,"4501-5000", IF(P6<=5500,"5001-5500", IF(P6<=6000,"5501-6000", IF(P6<=6500,"6001-6500", IF(P6<=7000,"6501-7000", IF(P6<=7500,"7001-7500", IF(P6<=8000,"7501-8000", IF(P6<=8500,"8001-8500","8501+"))))))))))))))))) -> 1501-2000
A7: 6 | B7: 40549 | C7: 1 | D7: 0 | E7: 1 | F7: 0 | G7: 4 | H7: 1 | I7: 1 | J7: 0.204348 | K7: 0.233209 | L7: 0.518261 | M7: 0.0895652 | N7: 88 | O7: 1518 | P7: 1606 | Q7: =IF(P7<=500,"0-500", IF(P7<=1000,"501-1000", IF(P7<=1500,"1001-1500", IF(P7<=2000,"1501-2000", IF(P7<=2500,"2001-2500", IF(P7<=3000,"2501-3000", IF(P7<=3500,"3001-3500", IF(P7<=4000,"3501-4000", IF(P7<=4500,"4001-4500", IF(P7<=5000,"4501-5000", IF(P7<=5500,"5001-5500", IF(P7<=6000,"5501-6000", IF(P7<=6500,"6001-6500", IF(P7<=7000,"6501-7000", IF(P7<=7500,"7001-7500", IF(P7<=8000,"7501-8000", IF(P7<=8500,"8001-8500","8501+"))))))))))))))))) -> 1501-2000
A8: 7 | B8: 40550 | C8: 1 | D8: 0 | E8: 1 | F8: 0 | G8: 5 | H8: 1 | I8: 2 | J8: 0.196522 | K8: 0.208839 | L8: 0.498696 | M8: 0.168726 | N8: 148 | O8: 1362 | P8: 1510 | Q8: =IF(P8<=500,"0-500", IF(P8<=1000,"501-1000", IF(P8<=1500,"1001-1500", IF(P8<=2000,"1501-2000", IF(P8<=2500,"2001-2500", IF(P8<=3000,"2501-3000", IF(P8<=3500,"3001-3500", IF(P8<=4000,"3501-4000", IF(P8<=4500,"4001-4500", IF(P8<=5000,"4501-5000", IF(P8<=5500,"5001-5500", IF(P8<=6000,"5501-6000", IF(P8<=6500,"6001-6500", IF(P8<=7000,"6501-7000", IF(P8<=7500,"7001-7500", IF(P8<=8000,"7501-8000", IF(P8<=8500,"8001-8500","8501+"))))))))))))))))) -> 1501-2000
A9: 8 | B9: 40551 | C9: 1 | D9: 0 | E9: 1 | F9: 0 | G9: 6 | H9: 0 | I9: 2 | J9: 0.165 | K9: 0.162254 | L9: 0.535833 | M9: 0.266804 | N9: 68 | O9: 891 | P9: 959 | Q9: =IF(P9<=500,"0-500", IF(P9<=1000,"501-1000", IF(P9<=1500,"1001-1500", IF(P9<=2000,"1501-2000", IF(P9<=2500,"2001-2500", IF(P9<=3000,"2501-3000", IF(P9<=3500,"3001-3500", IF(P9<=4000,"3501-4000", IF(P9<=4500,"4001-4500", IF(P9<=5000,"4501-5000", IF(P9<=5500,"5001-5500", IF(P9<=6000,"5501-6000", IF(P9<=6500,"6001-6500", IF(P9<=7000,"6501-7000", IF(P9<=7500,"7001-7500", IF(P9<=8000,"7501-8000", IF(P9<=8500,"8001-8500","8501+"))))))))))))))))) -> 501-1000
A10: 9 | B10: 40552 | C10: 1 | D10: 0 | E10: 1 | F10: 0 | G10: 0 | H10: 0 | I10: 1 | J10: 0.138333 | K10: 0.116175 | L10: 0.434167 | M10: 0.36195 | N10: 54 | O10: 768 | P10: 822 | Q10: =IF(P10<=500,"0-500", IF(P10<=1000,"501-1000", IF(P10<=1500,"1001-1500", IF(P10<=2000,"1501-2000", IF(P10<=2500,"2001-2500", IF(P10<=3000,"2501-3000", IF(P10<=3500,"3001-3500", IF(P10<=4000,"3501-4000", IF(P10<=4500,"4001-4500", IF(P10<=5000,"4501-5000", IF(P10<=5500,"5001-5500", IF(P10<=6000,"5501-6000", IF(P10<=6500,"6001-6500", IF(P10<=7000,"6501-7000", IF(P10<=7500,"7001-7500", IF(P10<=8000,"7501-8000", IF(P10<=8500,"8001-8500","8501+"))))))))))))))))) -> 501-1000
A11: 10 | B11: 40553 | C11: 1 | D11: 0 | E11: 1 | F11: 0 | G11: 1 | H11: 1 | I11: 1 | J11: 0.150833 | K11: 0.150888 | L11: 0.482917 | M11: 0.223267 | N11: 41 | O11: 1280 | P11: 1321 | Q11: =IF(P11<=500,"0-500", IF(P11<=1000,"501-1000", IF(P11<=1500,"1001-1500", IF(P11<=2000,"1501-2000", IF(P11<=2500,"2001-2500", IF(P11<=3000,"2501-3000", IF(P11<=3500,"3001-3500", IF(P11<=4000,"3501-4000", IF(P11<=4500,"4001-4500", IF(P11<=5000,"4501-5000", IF(P11<=5500,"5001-5500", IF(P11<=6000,"5501-6000", IF(P11<=6500,"6001-6500", IF(P11<=7000,"6501-7000", IF(P11<=7500,"7001-7500", IF(P11<=8000,"7501-8000", IF(P11<=8500,"8001-8500","8501+"))))))))))))))))) -> 1001-1500
A12: 11 | B12: 40554 | C12: 1 | D12: 0 | E12: 1 | F12: 0 | G12: 2 | H12: 1 | I12: 2 | J12: 0.169091 | K12: 0.191464 | L12: 0.686364 | M12: 0.122132 | N12: 43 | O12: 1220 | P12: 1263 | Q12: =IF(P12<=500,"0-500", IF(P12<=1000,"501-1000", IF(P12<=1500,"1001-1500", IF(P12<=2000,"1501-2000", IF(P12<=2500,"2001-2500", IF(P12<=3000,"2501-3000", IF(P12<=3500,"3001-3500", IF(P12<=4000,"3501-4000", IF(P12<=4500,"4001-4500", IF(P12<=5000,"4501-5000", IF(P12<=5500,"5001-5500", IF(P12<=6000,"5501-6000", IF(P12<=6500,"6001-6500", IF(P12<=7000,"6501-7000", IF(P12<=7500,"7001-7500", IF(P12<=8000,"7501-8000", IF(P12<=8500,"8001-8500","8501+"))))))))))))))))) -> 1001-1500
A13: 12 | B13: 40555 | C13: 1 | D13: 0 | E13: 1 | F13: 0 | G13: 3 | H13: 1 | I13: 1 | J13: 0.172727 | K13: 0.160473 | L13: 0.599545 | M13: 0.304627 | N13: 25 | O13: 1137 | P13: 1162 | Q13: =IF(P13<=500,"0-500", IF(P13<=1000,"501-1000", IF(P13<=1500,"1001-1500", IF(P13<=2000,"1501-2000", IF(P13<=2500,"2001-2500", IF(P13<=3000,"2501-3000", IF(P13<=3500,"3001-3500", IF(P13<=4000,"3501-4000", IF(P13<=4500,"4001-4500", IF(P13<=5000,"4501-5000", IF(P13<=5500,"5001-5500", IF(P13<=6000,"5501-6000", IF(P13<=6500,"6001-6500", IF(P13<=7000,"6501-7000", IF(P13<=7500,"7001-7500", IF(P13<=8000,"7501-8000", IF(P13<=8500,"8001-8500","8501+"))))))))))))))))) -> 1001-1500
A14: 13 | B14: 40556 | C14: 1 | D14: 0 | E14: 1 | F14: 0 | G14: 4 | H14: 1 | I14: 1 | J14: 0.165 | K14: 0.150883 | L14: 0.470417 | M14: 0.301 | N14: 38 | O14: 1368 | P14: 1406 | Q14: =IF(P14<=500,"0-500", IF(P14<=1000,"501-1000", IF(P14<=1500,"1001-1500", IF(P14<=2000,"1501-2000", IF(P14<=2500,"2001-2500", IF(P14<=3000,"2501-3000", IF(P14<=3500,"3001-3500", IF(P14<=4000,"3501-4000", IF(P14<=4500,"4001-4500", IF(P14<=5000,"4501-5000", IF(P14<=5500,"5001-5500", IF(P14<=6000,"5501-6000", IF(P14<=6500,"6001-6500", IF(P14<=7000,"6501-7000", IF(P14<=7500,"7001-7500", IF(P14<=8000,"7501-8000", IF(P14<=8500,"8001-8500","8501+"))))))))))))))))) -> 1001-1500
... A732: 731 | B732: 41274 | C732: 1 | D732: 1 | E732: 12 | F732: 0 | G732: 1 | H732: 1 | I732: 2 | J732: 0.215833 | K732: 0.223487 | L732: 0.5775 | M732: 0.154846 | N732: 439 | O732: 2290 | P732: 2729 | Q732: =IF(P732<=500,"0-500", IF(P732<=1000,"501-1000", IF(P732<=1500,"1001-1500", IF(P732<=2000,"1501-2000", IF(P732<=2500,"2001-2500", IF(P732<=3000,"2501-3000", IF(P732<=3500,"3001-3500", IF(P732<=4000,"3501-4000", IF(P732<=4500,"4001-4500", IF(P732<=5000,"4501-5000", IF(P732<=5500,"5001-5500", IF(P732<=6000,"5501-6000", IF(P732<=6500,"6001-6500", IF(P732<=7000,"6501-7000", IF(P732<=7500,"7001-7500", IF(P732<=8000,"7501-8000", IF(P732<=8500,"8001-8500","8501+"))))))))))))))))) -> 2501-3000

Sheet calculation
A1: bins | B1: frequncy | C1: p(X)
A2: 0-500 | B2: =COUNTIF(the_data!Q$1:Q$732, A2) -> 3 | C2: =B2/SUM($B$2:$B$18) -> 0.0041152263
A3: 501-1000 | B3: =COUNTIF(the_data!Q$2:Q$732, A3) -> 16 | C3: =B3/SUM($B$2:$B$18) -> 0.021947874
A4: 1001-1500 | B4: =COUNTIF(the_data!Q$2:Q$732, A4) -> 30 | C4: =B4/SUM($B$2:$B$18) -> 0.041152263
A5: 1501-2000 | B5: =COUNTIF(the_data!Q$2:Q$732, A5) -> 49 | C5: =B5/SUM($B$2:$B$18) -> 0.067215364
A6: 2001-2500 | B6: =COUNTIF(the_data!Q$2:Q$732, A6) -> 46 | C6: =B6/SUM($B$2:$B$18) -> 0.063100137
A7: 2501-3000 | B7: =COUNTIF(the_data!Q$2:Q$732, A7) -> 28 | C7: =B7/SUM($B$2:$B$18) -> 0.038408779
A8: 3001-3500 | B8: =COUNTIF(the_data!Q$2:Q$732, A8) -> 47 | C8: =B8/SUM($B$2:$B$18) -> 0.064471879
A9: 3501-4000 | B9: =COUNTIF(the_data!Q$2:Q$732, A9) -> 60 | C9: =B9/SUM($B$2:$B$18) -> 0.082304527
A10: 4001-4500 | B10: =COUNTIF(the_data!Q$2:Q$732, A10) -> 80 | C10: =B10/SUM($B$2:$B$18) -> 0.10973937
A11: 4501-5000 | B11: =COUNTIF(the_data!Q$2:Q$732, A11) -> 86 | C11: =B11/SUM($B$2:$B$18) -> 0.11796982
A12: 5001-5500 | B12: =COUNTIF(the_data!Q$2:Q$732, A12) -> 63 | C12: =B12/SUM($B$2:$B$18) -> 0.086419753
A13: 5501-6000 | B13: =COUNTIF(the_data!Q$2:Q$732, A13) -> 43 | C13: =B13/SUM($B$2:$B$18) -> 0.058984911
A14: 6001-6500 | B14: =COUNTIF(the_data!Q$2:Q$732, A14) -> 39 | C14: =B14/SUM($B$2:$B$18) -> 0.053497942
... A19: 8501+ | B19: =COUNTIF(the_data!Q$2:Q$732, A19) -> 2 | C19: =B19/SUM($B$2:$B$18) -> 0.0027434842
A20: total | B20: =SUM(B2:B19) -> 731 | C20: =ROUND(SUM(C2:C19),2) -> 1

Sheet graph
A3: Range | B3: Observed P(X) | C3: Theoretical P(X) | D3: Difference
A4: 0–500 | B4: 0.0041 | C4: 0.0038 | D4: 0.0003
A5: 1001–1500 | B5: 0.0412 | C5: 0.0435 | D5: 0.0023
A6: 3501–4000 | B6: 0.0824 | C6: 0.0791 | D6: 0.0033
A7: 4501–5000 | B7: 0.1181 | C7: 0.1125 | D7: 0.0056
A8: 6501–7000 | B8: 0.0646 | C8: 0.0682 | D8: 0.0036
A9: 8500+ | B9: 0.0028 | C9: 0.0032 | D9: 0.0004
